file,size_bytes,encrypt_avg,decrypt_avg
test_1mb.bin,1048576,0.10198506099986844,0.09569870899977104
test_10mb.bin,10485760,0.10306308639992494,0.10175922779981192
test_100mb.bin,104857600,0.1925081064000551,0.17611291739995066
test_500mb.bin,524288000,0.5814102014001037,0.48082907859970875
